time,open,high,low,close,tick_volume,spread,real_volume
2022-01-23,35277.29,36152.03,34589.45,35358.64,82881,772,0
2022-01-24,35347.13,37545.81,32909.14,36808.38,118909,652,0
2022-01-25,36753.38,37549.06,35698.58,36617.32,96991,782,0
2022-01-26,36599.82,38919.48,36315.37,36346.09,89753,782,0
2022-01-27,36425.33,37211.43,35495.59,36201.82,87575,782,0
2022-01-28,36145.53,38007.0,35909.35,37859.97,88975,662,0
2022-01-29,37713.68,38212.89,37453.28,37625.58,28261,782,0
2022-01-30,38223.68,38365.06,37335.83,37728.09,42882,667,0
2022-01-31,37770.09,38751.14,36630.1,38425.59,70255,782,0
2022-02-01,38473.59,39283.95,37982.1,38716.93,79905,779,0
2022-02-02,38848.28,38910.55,36559.95,36862.93,77773,726,0
2022-02-03,36931.6,37242.56,36263.63,36955.49,79851,775,0
2022-02-04,36864.99,40915.3,36797.13,40603.56,76033,765,0
2022-02-05,40692.56,41953.03,40587.18,41485.51,39198,0,0
2022-02-06,41692.8,42165.08,41120.14,41684.9,41842,868,0
2022-02-07,41708.83,44538.53,41486.89,44031.86,80643,751,0
2022-02-08,44067.76,45511.53,42689.91,44242.27,79522,768,0
2022-02-09,44160.75,44847.78,43130.26,44485.17,63599,888,0
2022-02-10,44475.18,45831.39,43178.68,43712.38,82925,962,0
2022-02-11,43706.88,44072.22,42030.7,42540.51,87860,962,0
2022-02-12,42173.52,42490.29,41720.5,42415.15,28848,962,0
2022-02-13,41926.52,42767.98,41865.69,42253.7,52500,794,0
2022-02-14,42253.64,42857.7,41525.69,42260.24,72293,962,0
2022-02-15,42293.74,44530.14,42278.58,43996.01,64825,838,0
2022-02-16,44007.52,44766.28,43311.59,44071.05,65039,962,0
2022-02-17,44026.29,44203.73,40058.72,40692.38,78614,962,0
2022-02-18,40631.88,40975.99,39418.32,40011.7,77875,912,0
2022-02-19,40146.76,40468.74,39645.06,39881.13,24016,761,0
2022-02-20,39934.93,40150.74,37937.67,38236.22,54508,892,0
2022-02-21,38300.46,39485.76,37065.05,37222.31,95943,679,0
2022-02-22,36948.68,38310.02,36338.13,37891.88,105820,874,0
2022-02-23,37926.9,39254.64,37387.7,37566.76,77451,705,0
2022-02-24,37556.15,39739.8,34316.25,38384.9,127365,684,0
2022-02-25,38284.9,39693.65,37741.51,39023.15,95958,874,0
2022-02-26,39382.37,40274.14,38570.31,39178.86,46084,0,0
2022-02-27,39357.04,39847.96,36976.26,37405.93,115725,0,0
2022-02-28,37490.9,41956.29,37301.43,41636.72,99845,707,0
2022-03-01,41681.99,44970.21,41663.93,43864.73,94620,787,0
2022-03-02,43782.22,45281.42,43322.87,43926.06,85981,768,0
2022-03-03,44126.76,44341.37,41774.31,42101.12,75993,895,0
2022-03-04,42408.67,42691.66,39040.94,39380.96,88573,893,0
2022-03-05,38989.45,39347.81,38570.81,39104.79,37696,934,0
2022-03-06,39276.2,39685.2,38069.73,38983.38,56278,763,0
2022-03-07,39066.14,39540.5,37144.78,37840.27,93850,697,0
2022-03-08,37947.53,39371.58,37846.57,38518.9,98321,727,0
2022-03-09,38514.9,42582.77,38492.73,41902.1,74457,719,0
2022-03-10,41865.03,42125.39,38515.85,39287.93,83807,737,0
2022-03-11,39053.22,40253.94,38219.3,38823.85,77061,890,0
2022-03-12,38816.45,39291.92,38644.34,38913.6,23629,771,0
2022-03-13,39051.99,39299.06,38343.11,38664.56,37210,890,0
2022-03-14,38675.55,39300.09,37531.18,38696.42,69071,819,0
2022-03-15,38636.09,39901.25,38075.24,39387.56,69138,890,0
2022-03-16,39362.06,41681.93,38781.18,41236.62,87659,890,0
2022-03-17,41297.12,41486.41,40486.12,40702.08,56243,824,0
2022-03-18,40664.08,42336.57,40132.58,41878.01,56176,791,0
2022-03-19,41741.55,42019.93,41504.61,41752.76,21072,839,0
2022-03-20,42217.76,42367.77,40912.55,41307.33,40500,890,0
2022-03-21,41156.44,41548.04,40473.14,41178.98,57517,830,0
2022-03-22,41081.11,43347.36,40866.84,42606.72,56018,740,0
2022-03-23,42594.77,42899.13,41728.63,42345.09,55169,787,0
2022-03-24,42301.59,44239.8,42232.93,43898.22,57160,871,0
2022-03-25,43765.24,45130.96,43531.68,44567.71,61785,742,0
2022-03-26,44373.13,44588.26,44075.9,44272.19,23818,940,0
2022-03-27,44475.69,46568.05,44261.51,46074.7,35640,940,0
2022-03-28,45986.35,48227.18,45842.51,47946.63,60471,890,0
2022-03-29,48080.17,48148.92,46887.73,47446.2,55740,992,0
2022-03-30,47505.2,47715.65,46252.24,47262.29,54038,992,0
2022-03-31,47186.55,47619.67,45495.57,45750.84,61952,981,0
2022-04-01,45706.34,46724.27,44206.17,46133.42,68665,845,0
2022-04-02,46238.55,47200.64,46074.88,46739.31,37923,102,0
2022-04-03,46115.32,46776.5,45533.48,46368.5,41789,819,0
2022-04-04,46367.0,47442.32,45105.38,46300.17,72718,983,0
2022-04-05,46418.67,47194.6,45461.57,45697.2,58684,992,0
2022-04-06,45836.0,46052.83,43175.64,43875.2,81473,992,0
2022-04-07,43800.27,44017.8,42702.61,43555.89,71459,992,0
2022-04-08,43496.69,43981.04,42375.98,42801.99,77125,949,0
2022-04-09,42343.6,42638.21,42101.28,42472.02,30030,954,0
2022-04-10,42394.89,43431.99,42394.89,43113.99,37470,954,0
2022-04-11,43102.02,43193.79,39449.91,39833.34,90817,954,0
2022-04-12,39856.34,40697.14,39183.35,39510.32,78484,898,0
2022-04-13,39535.82,41547.39,39477.0,41233.78,69660,898,0
2022-04-14,41226.28,41501.27,39527.83,39873.06,82246,869,0
2022-04-15,39838.35,40827.83,39759.77,40381.49,42286,717,0
2022-04-16,40422.76,40701.01,40275.49,40440.88,20749,775,0
2022-04-17,40275.74,40676.27,39806.68,40260.71,38518,898,0
2022-04-18,40230.37,41001.76,38523.73,40652.82,63778,898,0
2022-04-19,40755.82,41754.42,40574.38,41279.68,54847,839,0
2022-04-20,41287.64,42203.4,40850.84,41432.95,52337,513,0
2022-04-21,41375.05,42990.8,40517.86,40604.68,66931,898,0
2022-04-22,40634.18,40837.95,39148.95,39576.04,69420,898,0
2022-04-23,39600.54,39970.0,39270.74,39785.62,33752,764,0
2022-04-24,39786.12,39943.55,38875.92,39504.7,44698,898,0
2022-04-25,39482.7,40360.05,38166.2,40127.46,80446,898,0
2022-04-26,40104.96,40800.93,37673.44,38083.9,76379,898,0
2022-04-27,38021.26,39462.95,37674.4,39087.3,70109,831,0
2022-04-28,39119.3,40372.34,38864.13,39898.5,74231,898,0
2022-04-29,39882.15,39986.02,38151.71,38566.77,76007,898,0
2022-04-30,38342.78,38789.33,38145.05,38298.71,40030,898,0
2022-05-01,38299.4,38687.97,37367.73,38193.34,47888,823,0
2022-05-02,38384.64,39156.26,38034.58,38314.41,99210,898,0
2022-05-03,38283.51,38906.38,37492.4,37608.22,68927,849,0
2022-05-04,37713.85,40024.53,37605.92,39783.59,82697,868,0
2022-05-05,39787.81,39878.63,35521.91,36380.32,75005,868,0
2022-05-06,36397.42,36647.36,35222.85,36079.83,104157,848,0
2022-05-07,35894.5,36112.39,35691.91,35743.02,43550,650,0
2022-05-08,35766.67,35784.02,33617.68,34223.24,80467,848,0
2022-05-09,34217.5,34450.73,30286.33,31040.88,118721,583,0
2022-05-10,30936.38,32633.18,29708.77,30927.58,129695,666,0
2022-05-11,30988.58,32138.0,28097.98,28194.47,147733,666,0
2022-05-12,28637.97,30063.9,25261.37,28550.97,166730,623,0
2022-05-13,28384.45,30977.99,27921.51,29741.01,126412,529,0
2022-05-14,29950.58,30069.86,28554.57,29348.16,62927,0,0
2022-05-15,29319.66,31071.71,29315.4,30966.9,67750,452,0
2022-05-16,31023.66,31386.99,29023.88,29878.63,89613,543,0
2022-05-17,29987.75,30739.43,29384.21,30072.01,79790,653,0
2022-05-18,30145.51,30678.73,28694.18,29190.51,88861,543,0
2022-05-19,29177.29,30505.68,28596.21,30199.73,85680,492,0
2022-05-20,30181.45,30724.89,28692.68,29125.43,86805,466,0
2022-05-21,29115.44,29615.27,28888.34,29376.31,52436,640,0
2022-05-22,29379.62,30283.95,29210.68,29895.78,49216,640,0
2022-05-23,29878.76,30638.69,29002.16,29280.43,82746,640,0
2022-05-24,29247.93,29594.68,28597.69,29419.65,78979,464,0
2022-05-25,29409.74,30186.84,29293.04,29754.24,76864,640,0
2022-05-26,29736.24,29848.06,27943.14,29443.76,79632,493,0
2022-05-27,29465.76,29658.3,28238.41,28752.01,86345,640,0
2022-05-28,28747.62,29212.8,28479.65,29001.88,36199,640,0
2022-05-29,29010.88,29439.77,28805.42,29125.48,50664,640,0
2022-05-30,29118.92,31382.98,29118.92,31249.26,56865,486,0
2022-05-31,31209.72,32372.02,31191.41,31766.63,71555,528,0
2022-06-01,31744.32,31952.62,29251.76,29666.19,76730,530,0
2022-06-02,29680.75,30374.91,29480.75,30230.45,69643,646,0
2022-06-03,30217.93,30673.01,29235.68,29655.03,69036,625,0
2022-06-04,29722.62,29936.45,29448.11,29729.53,48028,646,0
2022-06-05,29736.32,30115.31,29499.8,29922.14,56249,646,0
2022-06-06,29860.14,31735.05,29780.11,31442.5,74079,557,0
2022-06-07,31440.56,31562.35,29150.32,31318.57,87886,496,0
2022-06-08,31316.07,31506.23,29818.15,30177.95,89327,672,0
2022-06-09,30297.92,30678.4,29906.07,30136.9,70394,672,0
2022-06-10,30125.61,30345.4,28804.88,29181.15,76871,672,0
2022-06-11,29102.65,29414.51,28052.64,28364.75,66966,672,0
2022-06-12,28391.75,28649.06,26815.89,27367.63,82836,508,0
2022-06-13,27327.63,27493.65,22515.02,23217.88,164842,434,0
2022-06-14,23295.81,23307.81,20795.37,21969.54,153279,456,0
2022-06-15,22033.04,22340.19,20038.82,21633.36,146614,332,0
2022-06-16,21619.23,22952.6,20448.01,20639.58,149378,399,0
2022-06-17,20725.58,21326.96,20184.61,20591.7,132995,512,0
2022-06-18,20453.45,20746.95,17571.81,17745.99,125258,0,0
2022-06-19,17985.91,20678.58,17826.17,20566.51,125308,283,0
2022-06-20,20398.67,21027.48,19616.42,20412.76,137890,332,0
2022-06-21,20497.76,21693.08,20233.96,20827.33,111420,333,0
2022-06-22,20873.25,21010.87,19733.66,19870.37,113429,510,0
2022-06-23,19900.87,21088.36,19812.73,20775.35,107134,382,0
2022-06-24,20762.85,21430.7,20644.06,21234.38,106713,335,0
2022-06-25,21314.31,21605.09,20876.72,21203.96,93492,510,0
2022-06-26,21190.15,21835.77,21108.01,21400.46,80774,435,0
2022-06-27,21354.24,21508.46,20469.24,20900.96,96453,386,0
2022-06-28,20871.91,21176.74,20177.35,20227.2,92580,510,0
2022-06-29,20266.65,20432.16,19818.48,20171.54,101290,316,0
2022-06-30,20162.62,20327.96,18577.27,18711.62,108099,398,0
2022-07-01,18755.12,20855.63,18704.77,19391.54,118400,482,0
2022-07-02,19371.74,19450.82,18945.82,19231.85,81486,482,0
2022-07-03,19231.66,19621.3,18741.5,19418.1,81238,332,0
2022-07-04,19413.11,20078.85,19021.93,19708.52,103953,334,0
2022-07-05,19718.52,20692.21,19271.14,20463.72,120283,482,0
2022-07-06,20437.77,20465.77,19736.26,20391.52,116874,498,0
2022-07-07,20355.51,21816.0,20240.38,21599.52,108218,498,0
2022-07-08,21595.51,22480.51,21155.87,21853.37,132483,0,0
2022-07-09,21788.86,21953.87,21297.38,21679.13,116557,526,0
2022-07-10,21660.87,21732.37,20628.86,20953.87,120131,526,0
2022-07-11,21080.13,21166.12,20235.37,20381.87,128857,526,0
2022-07-12,20351.87,20408.32,19254.46,19434.98,135331,506,0
2022-07-13,19385.46,20073.96,18886.46,19652.47,138058,506,0
2022-07-14,19652.15,20880.23,19601.46,20667.97,142859,107,0
2022-07-15,20663.46,21187.98,20365.96,20931.97,111006,506,0
2022-07-16,20881.2,21571.96,20473.47,21162.73,101865,506,0
2022-07-17,21153.97,21673.73,20781.97,20924.43,93010,506,0
2022-07-18,20950.47,22753.46,20742.47,21512.67,134413,506,0
2022-07-19,21462.96,23701.37,21435.16,23307.37,147383,506,0
2022-07-20,23295.37,24277.21,22896.74,23294.24,140861,524,0
2022-07-21,23307.74,23785.74,22336.77,23155.25,129799,550,0
2022-07-22,23087.75,23758.24,22497.24,22554.0,121826,550,0
2022-07-23,22689.49,23004.75,21941.25,22315.26,101200,172,0
2022-07-24,22326.06,22904.74,22216.75,22749.5,104006,550,0
2022-07-25,22745.24,23015.24,21555.25,22163.73,95114,550,0
2022-07-26,22135.25,22166.24,20710.25,20964.01,105406,550,0
2022-07-27,21012.75,23108.74,20812.25,22777.25,89362,126,0
2022-07-28,22695.24,24209.74,22577.24,24025.75,104692,550,0
2022-07-29,24092.74,24438.25,23426.25,23934.75,108515,550,0
2022-07-30,23739.95,24664.62,23615.75,23985.74,95442,0,0
2022-07-31,23986.24,24185.25,23357.46,23805.76,101809,550,0
2022-08-01,23791.24,23822.01,22848.75,23046.54,103642,0,0
2022-08-02,23096.74,23457.0,22660.45,23028.27,100571,550,0
2022-08-03,23016.25,23636.74,22689.5,23335.25,103894,550,0
2022-08-04,23363.74,23364.74,22376.74,22501.25,116055,550,0
2022-08-05,22535.24,23457.97,22440.74,22963.95,95769,550,0
2022-08-06,23124.53,23359.22,22985.96,23172.22,75092,606,0
2022-08-07,23169.96,23282.31,22857.96,23256.47,64885,606,0
2022-08-08,23324.96,24246.72,23057.96,24091.57,113886,606,0
2022-08-09,24003.96,24021.46,22867.48,23143.95,101107,606,0
2022-08-10,23180.47,24187.22,22654.47,23884.96,103868,606,0
2022-08-11,23832.46,24912.83,23775.02,24234.85,112910,606,0
2022-08-12,24198.34,24323.84,23593.6,24198.34,99468,632,0
2022-08-13,24078.84,24892.09,24078.84,24503.34,102420,632,0
2022-08-14,24489.25,25032.33,24154.34,24330.83,98128,620,0
2022-08-15,24269.54,25200.59,23879.84,24078.1,119695,632,0
2022-08-16,24069.84,24248.85,23660.59,23991.83,135632,632,0
2022-08-17,23979.34,24442.83,23175.35,23421.35,127491,632,0
2022-08-18,23353.84,23593.31,23229.84,23424.21,111226,632,0
2022-08-19,23412.91,23424.83,21140.34,21272.84,165877,632,0
2022-08-20,21246.84,21364.6,20784.35,20839.82,121290,607,0
2022-08-21,20808.84,21785.61,20803.49,21518.56,109481,0,0
2022-08-22,21530.61,21705.86,20892.64,21095.14,102631,576,0
2022-08-23,21090.12,21681.58,20891.49,21483.11,93955,576,0
2022-08-24,21483.09,21896.98,21147.5,21698.59,78005,582,0
2022-08-25,21678.4,21809.83,21305.11,21639.6,69198,582,0
2022-08-26,21650.09,21877.07,20533.62,20649.14,86231,0,0
2022-08-27,20595.24,20705.6,19796.97,19984.58,75545,0,0
2022-08-28,19994.09,20157.59,19805.09,19989.68,52446,532,0
2022-08-29,19985.16,20420.32,19513.7,20175.95,71927,185,0
2022-08-30,20156.76,20574.18,19537.19,19962.89,74330,562,0
2022-08-31,19928.87,20488.7,19747.21,20212.21,89579,562,0
2022-09-01,20171.19,20289.69,19557.95,20074.71,113524,562,0
2022-09-02,20045.19,20438.68,19752.71,19910.19,101015,557,0
2022-09-03,19962.19,20053.71,19640.69,19736.2,64428,562,0
2022-09-04,19710.69,19946.68,19571.67,19904.13,65204,562,0
2022-09-05,19871.19,20059.2,19634.94,19749.2,43360,562,0
2022-09-06,19736.81,20181.2,18656.19,18953.19,124157,367,0
2022-09-07,19007.19,19449.04,18524.69,19398.05,53232,542,0
2022-09-08,19421.29,19464.42,19013.62,19378.05,95671,542,0
2022-09-09,19352.29,21436.65,19251.79,21261.42,105406,542,0
2022-09-10,21238.07,21677.4,21132.79,21414.06,118981,525,0
2022-09-11,21513.28,21864.29,21351.31,21639.3,123652,524,0
2022-09-12,21650.28,22490.04,21453.28,22408.3,96954,517,0
2022-09-13,22375.54,22796.55,20035.58,20235.07,151229,490,0
2022-09-14,20151.05,20523.55,19608.67,19949.68,112141,566,0
2022-09-15,19916.67,20394.17,19489.17,19833.66,132252,516,0
2022-09-16,19822.17,19894.67,19323.93,19737.67,104131,566,0
2022-09-17,19768.17,20178.18,19693.93,20072.66,75211,467,0
2022-09-18,20073.9,20142.18,19557.67,19712.99,86946,491,0
2022-09-19,19671.17,19697.17,18258.17,19514.92,120536,566,0
2022-09-20,19505.17,19683.43,18716.17,18963.19,109681,566,0
2022-09-21,18944.67,19910.29,18661.29,18891.55,113461,542,0
2022-09-22,18865.29,19493.55,18137.79,19245.55,148184,342,0
2022-09-23,19223.49,19509.39,18524.11,18886.3,193458,392,0
2022-09-24,18915.75,19400.55,18883.3,19141.05,154045,479,0
2022-09-25,19131.05,19179.79,18805.05,18913.8,131294,306,0
2022-09-26,18894.09,19311.54,18622.05,19118.29,173401,492,0
2022-09-27,19099.05,20375.79,18813.72,19049.54,204288,417,0
2022-09-28,18999.31,19654.27,18458.63,19566.29,186430,517,0
2022-09-29,19560.59,19770.27,18842.35,19491.8,183093,542,0
2022-09-30,19487.55,20178.79,19136.46,19402.54,144329,418,0
2022-10-01,19399.29,19484.79,19121.29,19248.29,84474,392,0
2022-10-02,19254.03,19394.04,19012.89,19234.3,86637,542,0
2022-10-03,19192.94,19649.55,18918.21,19592.05,163098,542,0
2022-10-04,19563.6,20455.44,19494.55,20356.05,169051,418,0
2022-10-05,20335.31,20404.8,19734.69,20018.1,150020,466,0
2022-10-06,19996.99,20446.3,19863.65,20041.55,178441,380,0
2022-10-07,20018.49,20063.29,19322.64,19530.05,139253,402,0
2022-10-08,19511.42,19622.78,19414.54,19450.55,73360,392,0
2022-10-09,19444.32,19557.04,19180.39,19486.54,86932,467,0
2022-10-10,19471.96,19529.05,19087.15,19237.79,152957,542,0
2022-10-11,19264.11,19268.11,18849.52,19016.29,145890,393,0
2022-10-12,19011.89,19198.8,18968.21,19160.29,119294,369,0
2022-10-13,19168.98,19506.49,18118.76,19384.04,92343,544,0
2022-10-14,19389.91,19945.57,19111.41,19173.79,115026,483,0
2022-10-15,19177.29,19228.79,19040.54,19104.29,62539,363,0
2022-10-16,19056.73,19420.38,18964.04,19333.54,73782,444,0
2022-10-17,19326.83,19676.29,19092.94,19527.04,120857,544,0
2022-10-18,19505.93,19702.79,19083.04,19369.79,121250,470,0
2022-10-19,19350.56,19373.04,19060.53,19199.29,114516,460,0
2022-10-20,19160.63,19339.79,18892.59,19023.79,121724,490,0
2022-10-21,18991.89,19250.29,18657.39,19169.03,105601,544,0
2022-10-22,19099.04,19261.29,19098.68,19218.28,46527,544,0
2022-10-23,19173.07,19521.78,19056.28,19493.04,50329,544,0
2022-10-24,19495.64,19694.07,19154.03,19373.53,110367,544,0
2022-10-25,19384.85,20417.04,19235.54,20195.82,108485,544,0
2022-10-26,20169.22,21020.07,19996.3,20756.94,130720,544,0
2022-10-27,20724.77,20910.19,20245.59,20409.69,116280,564,0
2022-10-28,20289.18,20755.19,19950.27,20646.81,115061,564,0
2022-10-29,20551.11,21073.43,20527.75,20855.68,100196,369,0
2022-10-30,20851.17,20936.93,20550.18,20691.93,80045,564,0
2022-10-31,20698.92,20833.68,20231.93,20406.68,116521,564,0
2022-11-01,20400.76,20686.93,20320.43,20477.18,96818,564,0
2022-11-02,20458.42,20806.93,20095.31,20177.68,99320,564,0
2022-11-03,20146.63,20387.18,20029.91,20236.68,98829,394,0
2022-11-04,20229.94,21300.86,20154.83,21119.18,96279,473,0
2022-11-05,21080.2,21474.93,21062.26,21354.18,103477,564,0
2022-11-06,21345.43,21365.28,21112.18,21123.18,82953,422,0
2022-11-07,21124.12,21182.43,20584.93,20665.73,102924,564,0
2022-11-08,20628.65,20674.48,16912.75,18665.94,158553,375,0
2022-11-09,18571.44,18691.94,15570.21,15719.1,164872,0,0
2022-11-10,15744.46,18120.11,15498.55,17763.62,140493,365,0
2022-11-11,17751.13,17833.54,16321.35,16792.85,123107,334,0
2022-11-12,16848.64,17076.16,16586.69,16789.15,101099,346,0
2022-11-13,16764.51,16923.15,16195.69,16374.67,75846,432,0
2022-11-14,16309.67,17154.52,15782.95,16380.78,109038,496,0
2022-11-15,16354.75,17095.73,16316.41,16874.03,192609,496,0
2022-11-16,16856.68,16982.57,16353.62,16533.28,172377,385,0
2022-11-17,16531.25,16743.32,16397.09,16677.72,142044,338,0
2022-11-18,16668.65,16977.35,16528.49,16637.02,105597,379,0
2022-11-19,16616.76,16704.28,16531.23,16659.78,74093,496,0
2022-11-20,16681.1,16798.59,16184.35,16243.67,116381,496,0
2022-11-21,16248.86,16329.84,15450.76,15594.27,140053,318,0
2022-11-22,15591.27,16290.03,15588.39,16133.02,201017,309,0
2022-11-23,16134.78,16680.03,16084.77,16472.98,190827,189,0
2022-11-24,16473.95,16789.97,16434.96,16539.77,102006,372,0
2022-11-25,16534.26,16616.78,16327.38,16498.27,81918,320,0
2022-11-26,16506.28,16683.28,16407.03,16505.77,72921,371,0
2022-11-27,16492.33,16585.52,16370.4,16568.27,64158,496,0
2022-11-28,16572.24,16584.52,15994.53,16190.27,94239,421,0
2022-11-29,16198.24,16536.28,16093.03,16451.27,94362,320,0
2022-11-30,16443.35,17146.53,16414.78,17099.77,122700,313,0
2022-12-01,17100.28,17288.87,16861.81,16931.77,94483,321,0
2022-12-02,16832.77,17101.77,16775.63,17010.7,78199,329,0
2022-12-03,17014.44,17144.79,16864.49,16947.02,69385,299,0
2022-12-04,16944.24,17150.28,16866.64,17114.58,79275,384,0
2022-12-05,17102.36,17423.61,16860.53,16970.54,113443,320,0
2022-12-06,16964.57,17098.28,16903.27,16995.52,86196,496,0
2022-12-07,16978.38,17135.03,16681.27,16830.52,99935,321,0
2022-12-08,16826.17,17301.03,16722.73,17183.53,88888,309,0
2022-12-09,17158.35,17342.78,17042.77,17110.52,72261,496,0
2022-12-10,17120.27,17225.27,17112.78,17126.27,28577,331,0
2022-12-11,17126.96,17258.78,17076.78,17113.02,39239,269,0
2022-12-12,17116.33,17217.28,16876.26,17169.77,61635,496,0
2022-12-13,17178.2,17961.97,17083.27,17769.13,103017,440,0
2022-12-14,17773.24,18377.41,17661.68,17825.43,114698,321,0
2022-12-15,17812.86,17870.16,17312.66,17384.21,104977,430,0
2022-12-16,17272.35,17534.66,16735.42,16819.2,111122,0,0
2022-12-17,16724.25,16777.4,16525.22,16714.55,131670,495,0
2022-12-18,16705.25,16803.6,16664.91,16753.45,100530,520,0
2022-12-19,16748.88,16845.03,16503.75,16581.46,98991,468,0
2022-12-20,16579.61,17055.75,16216.9,16881.99,108901,501,0
2022-12-21,16860.27,16925.74,16725.16,16786.41,129616,308,0
2022-12-22,16705.37,16865.45,16555.74,16789.01,123452,0,0
2022-12-23,16789.37,16929.01,16715.78,16810.24,87923,502,0
2022-12-24,16768.24,16858.24,16764.75,16826.24,27952,502,0
2022-12-25,16782.06,16852.25,16706.65,16824.5,41178,389,0
2022-12-26,16817.25,16918.0,16775.2,16829.32,46772,502,0
2022-12-27,16785.12,16969.5,16584.25,16686.91,95189,402,0
2022-12-28,16662.11,16772.0,16448.25,16516.28,74731,431,0
2022-12-29,16519.94,16650.74,16463.25,16589.49,88356,502,0
2022-12-30,16588.88,16655.7,16317.93,16583.78,78487,502,0
2022-12-31,16580.12,16629.25,16525.24,16536.58,59211,327,0
2023-01-01,16534.49,16618.99,16457.0,16598.49,51562,445,0
2023-01-02,16580.39,16787.25,16544.74,16757.25,45444,502,0
2023-01-03,16733.66,16769.24,16596.37,16658.24,68773,502,0
2023-01-04,16615.84,16986.87,16615.84,16816.05,108220,502,0
2023-01-05,16817.85,16875.28,16747.75,16840.83,78445,502,0
2023-01-06,16830.37,17030.5,16640.61,16921.72,81357,502,0
2023-01-07,16902.09,16986.27,16899.97,16935.74,22919,502,0
2023-01-08,16933.82,17017.75,16910.24,16954.74,46561,502,0
2023-01-09,16868.19,17399.87,16868.19,17174.22,90189,327,0
2023-01-10,17167.21,17493.33,17127.25,17473.99,83695,314,0
2023-01-11,17442.16,17585.64,17313.74,17559.77,98124,307,0
2023-01-12,17559.28,19123.86,17517.49,18817.67,148136,321,0
2023-01-13,18850.84,19868.93,18704.91,19803.55,105533,328,0
2023-01-14,19906.67,21378.07,19703.61,20896.56,161351,341,0
2023-01-15,20884.76,21076.31,20555.56,20911.05,120271,239,0
2023-01-16,20880.89,21454.52,20605.66,21128.56,111874,365,0
2023-01-17,21140.85,21623.74,20844.97,21322.35,105037,440,0
2023-01-18,21309.22,21651.25,20394.33,20770.58,107347,482,0
2023-01-19,20731.72,21189.08,20621.59,20948.34,101913,484,0
2023-01-20,20948.39,22446.72,20861.84,22330.58,110862,437,0
2023-01-21,22656.42,23367.85,22419.93,23191.09,143214,0,0
2023-01-22,23163.76,23189.84,22280.7,22594.84,131423,385,0
2023-01-23,22571.78,23174.97,22492.41,22993.97,100217,284,0
2023-01-24,22966.74,23166.72,22675.33,22883.69,91387,432,0
2023-01-25,22899.73,23706.9,22323.86,23594.96,107152,434,0
2023-01-26,23705.04,23814.58,22809.89,23070.97,107874,508,0
2023-01-27,23071.94,23500.74,22529.23,23088.97,96906,508,0
2023-01-28,22977.14,23195.22,22885.72,22999.72,74670,508,0
2023-01-29,22980.27,23964.95,22962.95,23794.22,115550,258,0
2023-01-30,23748.45,23882.72,22500.62,22735.86,111442,483,0
2023-01-31,22706.56,23215.85,22468.74,22936.86,98639,530,0
2023-02-01,22902.54,23797.61,22744.46,23673.85,95768,431,0
2023-02-02,23636.42,24250.59,23516.66,23571.73,108471,136,0
2023-02-03,23447.77,23716.6,23205.86,23360.6,100240,530,0
2023-02-04,23429.86,23585.86,23256.35,23414.35,44112,480,0
2023-02-05,23402.19,23451.6,22750.11,22904.6,57709,439,0
2023-02-06,22883.57,23147.61,22628.85,22908.86,80296,447,0
2023-02-07,22892.1,23345.66,22634.81,23211.86,94530,530,0
2023-02-08,23160.51,23446.11,22670.61,22955.6,90644,444,0
2023-02-09,22940.37,23013.61,21652.61,21838.68,104955,330,0
2023-02-10,21809.68,21954.32,21456.27,21572.04,92891,494,0
2023-02-11,21559.79,21839.86,21525.71,21820.55,58706,428,0
2023-02-12,21784.77,22076.42,21705.08,21738.29,62367,428,0
2023-02-13,21690.79,21899.03,21349.05,21625.55,107759,404,0
2023-02-14,21609.42,22328.65,21517.71,22252.3,109522,0,0
2023-02-15,22236.58,24322.08,22048.46,24176.55,99238,0,0
2023-02-16,24156.78,25239.84,24122.13,24520.69,119479,0,0
2023-02-17,24489.08,25029.37,23336.32,24629.94,129662,0,0
2023-02-18,24716.8,24873.24,24430.44,24619.19,79630,0,0
2023-02-19,24620.82,25168.35,24245.52,24544.04,100891,223,0
2023-02-20,24415.18,25095.43,23832.78,24767.69,172038,42,0
2023-02-21,24630.68,25257.37,24147.48,24178.23,124570,0,0
2023-02-22,24164.89,24479.69,23576.89,23806.69,199948,0,0
2023-02-23,23786.51,24600.69,23611.34,23876.94,182416,0,0
2023-02-24,23843.34,24129.83,22831.3,23101.69,162524,0,0
2023-02-25,23107.27,23216.44,22740.59,22937.94,106554,0,0
2023-02-26,22911.52,23686.09,22906.52,23554.44,128694,0,0
2023-02-27,23531.74,23894.44,23115.4,23381.69,162425,0,0
2023-02-28,23339.3,23593.18,23021.44,23151.69,148752,0,0
2023-03-01,23161.06,23994.69,23022.44,23540.94,151626,0,0
2023-03-02,23539.23,23795.93,23188.17,23419.69,151623,306,0
2023-03-03,23425.8,23550.64,21967.15,22253.34,105898,131,0
2023-03-04,22310.56,22407.43,22156.93,22214.18,53849,276,0
2023-03-05,22204.28,22652.19,22180.42,22484.19,69319,0,0
2023-03-06,22447.5,22599.73,22257.55,22403.47,77664,451,0
2023-03-07,22420.74,22550.22,21922.6,22047.98,97106,455,0
2023-03-08,22031.46,22278.23,21828.89,21999.47,121163,308,0
2023-03-09,21993.96,21999.23,20021.55,20242.97,125306,0,0
2023-03-10,20213.93,20488.48,19552.1,20011.93,114897,0,0
2023-03-11,20121.18,20872.68,19869.79,20505.43,108980,0,0
2023-03-12,20545.51,21552.25,20445.41,21490.93,80448,0,0
2023-03-13,21428.0,24617.76,21296.63,24240.3,121971,0,0
2023-03-14,24253.3,26534.78,23989.59,24696.13,106968,0,0
2023-03-15,24467.2,25290.5,23914.27,24386.13,130441,0,0
2023-03-16,24399.0,25226.38,24200.38,24728.38,107253,0,0
2023-03-17,24777.88,27027.57,24777.88,26781.09,108823,0,0
2023-03-18,27387.0,27827.08,26637.01,27421.04,94250,0,0
2023-03-19,27364.05,28468.21,26877.77,27984.31,96707,0,0
2023-03-20,28099.81,28558.51,27227.44,28078.15,115233,0,0
2023-03-21,28020.98,28517.24,27390.36,28166.82,104747,0,0
2023-03-22,28141.37,28930.05,26645.05,27358.36,68713,0,0
2023-03-23,27105.48,28818.64,27035.03,28316.27,72848,0,0
2023-03-24,28235.11,28497.9,27354.62,27651.46,89944,0,0
2023-03-25,27364.61,27816.67,27170.04,27365.19,57104,476,0
2023-03-26,27397.75,28254.22,27360.77,27800.54,46880,0,0
2023-03-27,27785.52,28168.42,26472.81,27029.25,62391,0,0
2023-03-28,26848.98,27523.07,26624.12,27335.52,62708,441,0
2023-03-29,27330.52,28660.52,27097.49,28383.38,64234,0,0
2023-03-30,28337.88,29168.81,27679.84,28139.23,64807,0,0
2023-03-31,28132.29,28650.11,27472.55,28436.87,63439,0,0
2023-04-01,28565.19,28815.32,28234.54,28444.26,48716,409,0
2023-04-02,28448.23,28568.34,27862.81,28075.0,47700,505,0
2023-04-03,27978.98,28513.12,27432.51,27586.66,68110,552,0
2023-04-04,27454.66,28449.09,27319.64,28262.22,56576,0,0
2023-04-05,28233.72,28787.97,27783.04,28149.08,57026,0,0
2023-04-06,28169.65,28238.64,27674.5,27990.83,49637,646,0
2023-04-07,28000.36,28102.39,27776.44,27868.95,39942,0,0
2023-04-08,27876.3,28163.25,27872.13,27940.77,35096,589,0
2023-04-09,27915.26,28279.8,27791.92,28130.72,41079,561,0
2023-04-10,28146.23,29326.31,28130.55,29141.08,47207,0,0
2023-04-11,29132.08,30577.89,29122.57,30177.39,68431,0,0
2023-04-12,30179.36,30509.2,29561.0,29957.9,63218,427,0
2023-04-13,29756.78,30618.94,29756.78,30294.36,77390,0,0
2023-04-14,30189.88,31043.12,29938.75,30462.53,86988,0,0
2023-04-15,30401.99,30609.63,30153.5,30313.7,59563,86,0
2023-04-16,30305.23,30680.52,30129.04,30343.3,55178,0,0
2023-04-17,30383.3,30433.93,29222.35,29455.25,67849,569,0
2023-04-18,29442.25,30495.34,29097.56,30407.48,74339,0,0
2023-04-19,30265.18,30417.67,28723.78,29237.82,90753,0,0
2023-04-20,29189.32,29245.48,27980.59,28199.79,118039,0,0
2023-04-21,28087.34,28350.92,27158.98,27305.35,83233,29,0
2023-04-22,27276.01,27773.96,27130.47,27634.94,80058,272,0
2023-04-23,27591.87,27871.53,27317.13,27485.22,75605,58,0
2023-04-24,27509.01,27992.76,26936.01,27446.78,76888,0,0
2023-04-25,27243.96,28049.47,27175.27,28000.97,94050,254,0
2023-04-26,28152.62,30014.84,27199.77,28273.25,114259,0,0
2023-04-27,28182.46,29886.8,28086.74,29602.83,114614,0,0
2023-04-28,29693.33,29777.64,28889.15,29368.71,117732,0,0
2023-04-29,29414.97,29454.07,29035.04,29243.72,41100,0,0
2023-04-30,29231.01,29961.24,29108.72,29332.87,47873,161,0
2023-05-01,29317.46,29501.44,27521.96,27669.97,85794,0,0
2023-05-02,27815.47,28896.46,27769.86,28688.31,76065,0,0
2023-05-03,28475.46,28827.55,28117.82,28521.8,94763,0,0
2023-05-04,28531.8,29388.95,28522.19,28872.97,99341,233,0
2023-05-05,28860.85,29699.47,28694.76,29534.47,79952,0,0
2023-05-06,29510.74,29847.46,28181.46,28848.41,86266,0,0
2023-05-07,28825.82,29181.89,28669.7,28942.87,73488,0,0
2023-05-08,28903.99,28992.53,27256.54,27543.24,90069,0,0
2023-05-09,27497.24,27828.16,27364.38,27644.28,82706,0,0
2023-05-10,27642.35,28329.18,26662.96,27877.45,82073,0,0
2023-05-11,27826.39,27838.66,26695.42,27001.24,95167,0,0
2023-05-12,27016.24,27094.12,25780.51,26461.97,74882,0,0
2023-05-13,26679.96,27070.26,26606.16,26909.82,76945,433,0
2023-05-14,26929.32,27320.01,26555.3,26942.22,63528,0,0
2023-05-15,26816.94,27679.55,26702.94,27346.15,72325,0,0
2023-05-16,27247.96,27394.26,26836.56,26953.22,85729,102,0
2023-05-17,26932.53,27465.91,26525.43,27331.08,62670,0,0
2023-05-18,27200.78,27490.55,26344.42,26721.55,64089,0,0
2023-05-19,26742.06,27181.58,26626.16,26848.16,70265,0,0
2023-05-20,26880.14,27160.24,26836.0,27017.65,54000,382,0
2023-05-21,26981.24,27292.51,26783.3,26848.95,56473,229,0
2023-05-22,26727.59,27092.86,26531.86,26897.03,65631,0,0
2023-05-23,26898.87,27485.67,26800.49,27211.48,65732,367,0
2023-05-24,27187.48,27254.49,25982.09,26395.15,77114,0,0
2023-05-25,26419.65,26611.88,25845.39,26488.33,80819,0,0
2023-05-26,26361.06,26935.8,26325.56,26766.34,67110,301,0
2023-05-27,26691.9,26855.51,26294.09,26753.6,73406,0,0
2023-05-28,26750.89,27827.75,26731.6,27564.35,68390,0,0
2023-05-29,27570.19,28455.62,27530.33,27689.36,78616,0,0
2023-05-30,27683.86,28055.6,27545.18,27770.51,84628,152,0
2023-05-31,27775.02,27854.01,26823.56,27109.25,84370,0,0
2023-06-01,27102.25,27361.15,26608.81,26864.6,104762,175,0
2023-06-02,26898.28,27303.41,26488.07,27203.19,104511,0,0
2023-06-03,27206.25,27332.54,27032.37,27064.75,70390,0,0
2023-06-04,27077.55,27310.43,26919.12,27239.6,69231,157,0
2023-06-05,27250.19,27460.02,25381.88,25624.87,122368,0,0
2023-06-06,25606.13,27229.19,25341.9,26969.31,100625,0,0
2023-06-07,26993.92,27394.8,26250.94,26366.99,128822,0,0
2023-06-08,26355.23,26823.61,26123.09,26652.46,101035,15,0
2023-06-09,26628.96,26783.34,26272.09,26450.1,119093,0,0
2023-06-10,26427.07,26529.95,25346.48,25780.08,146661,333,0
2023-06-11,25737.6,26213.38,25649.9,26131.66,128867,0,0
2023-06-12,26031.04,26136.16,25596.08,25879.13,136943,94,0
2023-06-13,25886.53,26421.34,25702.93,25842.87,140916,372,0
2023-06-14,25760.09,26082.44,24778.26,24910.98,165243,0,0
2023-06-15,25027.59,25481.8,24743.83,25478.59,170661,109,0
2023-06-16,25548.53,26477.75,25086.55,26436.65,166206,423,0
2023-06-17,26324.5,26802.75,26155.81,26535.0,160424,0,0
2023-06-18,26494.67,26684.03,26337.55,26464.97,166158,0,0
2023-06-19,26359.75,27033.72,26239.49,26722.61,170799,0,0
2023-06-20,26706.86,28249.8,26633.4,28161.11,160809,0,0
2023-06-21,28073.93,30778.3,28073.93,29953.4,200814,0,0
2023-06-22,29804.96,30502.46,29509.05,30160.62,207469,0,0
2023-06-23,30062.29,31421.29,29789.69,30927.75,184401,0,0
2023-06-24,30797.99,30812.15,30258.89,30510.83,198330,258,0
2023-06-25,30453.65,31051.79,30276.62,30377.45,230486,0,0
2023-06-26,30376.96,30663.9,29922.53,30176.79,204094,0,0
2023-06-27,30099.79,30998.41,30094.77,30649.58,214093,0,0
2023-06-28,30541.29,30741.01,29825.8,30081.72,193585,0,0
2023-06-29,30034.19,30822.48,30007.16,30392.59,173389,0,0
2023-06-30,30394.21,31262.62,29425.53,30389.54,222082,0,0
2023-07-01,30434.83,30660.54,30308.75,30586.29,204640,496,0
2023-07-02,30546.51,30669.1,30112.71,30585.97,219905,26,0
2023-07-03,30586.23,31397.64,30410.45,31124.3,236093,421,0
2023-07-04,31019.94,31332.79,30610.59,30791.81,218981,0,0
2023-07-05,30710.79,30881.11,30185.18,30467.06,217570,0,0
2023-07-06,30397.92,31514.54,29816.3,30305.28,243156,0,0
2023-07-07,30223.61,30452.17,29691.03,30249.27,226615,689,0
2023-07-08,30290.31,30391.79,30001.23,30165.54,200852,553,0
2023-07-09,30102.5,30451.93,30069.17,30193.35,177644,579,0
2023-07-10,30157.95,31059.53,29947.78,30781.44,189413,0,0
2023-07-11,30726.43,30806.31,30187.86,30564.76,185319,0,0
2023-07-12,30512.21,30970.15,30196.84,30328.83,186969,0,0
2023-07-13,30328.59,31847.68,30236.9,31352.16,178978,0,0
2023-07-14,31294.59,31636.29,29900.99,30198.84,213909,0,0
2023-07-15,30152.94,30397.8,30148.44,30303.39,129097,0,0
2023-07-16,30260.0,30445.13,30064.29,30273.13,210358,0,0
2023-07-17,30215.49,30372.71,29653.89,29929.63,179873,0,0
2023-07-18,29968.01,30284.31,29454.77,29774.7,172272,0,0
2023-07-19,29779.69,30187.49,29749.47,29958.93,145974,0,0
2023-07-20,29903.73,30421.61,29539.18,29730.11,166606,0,0
2023-07-21,29673.57,30061.12,29673.57,29877.26,161545,204,0
2023-07-22,29892.63,30000.73,29792.46,29827.48,151035,461,0
2023-07-23,29780.35,30347.6,29585.4,30148.25,182482,396,0
2023-07-24,30129.16,30142.44,28839.83,29134.7,183772,219,0
2023-07-25,29127.81,29365.79,29043.44,29218.79,145252,552,0
2023-07-26,29147.05,29678.04,29081.98,29588.41,163429,232,0
2023-07-27,29555.18,29660.11,29064.44,29126.61,165763,712,0
2023-07-28,29080.09,29536.25,29080.09,29325.01,146274,471,0
2023-07-29,29311.24,29400.03,29248.08,29351.98,169191,893,0
2023-07-30,29317.76,29446.65,28984.78,29276.09,149663,562,0
2023-07-31,29184.16,29524.67,29099.44,29204.24,135711,786,0
2023-08-01,29084.29,29341.56,28535.59,29208.29,139456,651,0
2023-08-02,29144.0,30031.26,28892.41,29102.54,179519,0,0
2023-08-03,28999.79,29394.09,28932.59,29280.31,135002,595,0
2023-08-04,29238.64,29313.09,28707.83,28882.28,155526,875,0
2023-08-05,28997.29,29107.8,28946.87,29038.19,144557,609,0
2023-08-06,28983.76,29125.35,28953.13,29075.12,161789,579,0
2023-08-07,29031.0,29180.97,28651.81,29161.81,102224,616,0
2023-08-08,29094.92,30000.35,29094.92,29975.26,166537,597,0
2023-08-09,29943.96,30226.29,29340.29,29469.45,153389,736,0
2023-08-10,29377.79,29710.67,29303.07,29404.67,87371,871,0
2023-08-11,29415.58,29533.48,29143.81,29382.05,123141,704,0
2023-08-12,29377.92,29471.75,29347.66,29401.59,71368,637,0
2023-08-13,29351.0,29445.4,29269.18,29402.29,69480,368,0
2023-08-14,29406.64,29666.87,29045.81,29360.76,151013,268,0
2023-08-15,29286.14,29458.99,29037.44,29165.28,123755,510,0
2023-08-16,29062.29,29222.97,28806.54,28929.3,150780,893,0
2023-08-17,28849.08,28948.76,27450.31,27577.86,184494,786,0
2023-08-18,27566.42,27680.29,24178.89,26096.95,210821,0,0
2023-08-19,26078.48,26257.27,25787.92,26040.34,164524,561,0
2023-08-20,26064.54,26292.2,25961.07,26220.92,136866,588,0
2023-08-21,26203.13,26220.72,25808.05,26112.56,172801,326,0
2023-08-22,26091.38,26243.29,25710.65,25851.86,153064,542,0
2023-08-23,25782.67,26805.23,25301.46,26580.96,164440,478,0
2023-08-24,26462.25,26611.96,25811.96,26008.8,153206,482,0
2023-08-25,25966.16,26288.15,25714.1,26041.27,146960,395,0
2023-08-26,26024.39,26105.36,25969.06,26017.32,83283,735,0
2023-08-27,25969.51,26168.62,25942.03,26079.63,99908,807,0
2023-08-28,26029.48,26237.89,25836.15,25973.34,115964,809,0
2023-08-29,25958.23,28141.58,25898.08,27593.71,132965,0,0
2023-08-30,27503.15,27778.25,26960.23,27253.44,162357,171,0
2023-08-31,27201.51,27556.43,25850.47,25963.58,142679,0,0
2023-09-01,26017.97,26130.37,25309.92,25740.15,149766,259,0
2023-09-02,25723.97,25981.45,25630.01,25842.15,114369,648,0
2023-09-03,25793.51,26125.67,25793.51,26045.85,128442,749,0
2023-09-04,25966.17,26090.23,25693.5,25824.37,107797,596,0
2023-09-05,25726.65,25880.93,25536.8,25696.26,139324,139,0
2023-09-06,25601.6,26006.66,25329.87,25656.73,134348,598,0
2023-09-07,25608.19,26008.66,25587.07,26007.31,104195,540,0
2023-09-08,25999.64,26437.73,25589.87,25889.12,130440,437,0
2023-09-09,25893.93,25934.51,25770.09,25859.01,80151,821,0
2023-09-10,25813.51,25910.1,25512.14,25813.34,105219,551,0
2023-09-11,25708.15,26002.28,24868.93,25065.5,161464,113,0
2023-09-12,24999.99,26552.15,24999.99,26076.51,170577,0,0
2023-09-13,25975.65,26404.41,25756.55,26224.15,151162,441,0
2023-09-14,26162.58,26845.45,26121.22,26574.4,118631,0,0
2023-09-15,26578.65,26686.47,26217.24,26408.22,142127,402,0
2023-09-16,26446.76,26882.19,26388.32,26533.16,133767,459,0
2023-09-17,26530.16,26618.98,26420.21,26431.84,107671,764,0
2023-09-18,26359.15,27421.52,26359.15,26768.34,168877,0,0
2023-09-19,26678.32,27490.63,26669.96,27182.62,154665,419,0
2023-09-20,27074.15,27386.9,26789.03,27071.36,176367,406,0
2023-09-21,27015.72,27242.51,26348.15,26579.32,191986,749,0
2023-09-22,26540.79,26739.65,26458.9,26531.22,131601,560,0
2023-09-23,26559.86,26635.6,26509.72,26591.0,77588,605,0
2023-09-24,26541.26,26734.91,26336.33,26497.53,57076,531,0
2023-09-25,26436.15,26519.38,25977.84,26300.52,146307,0,0
2023-09-26,26244.46,26394.36,26074.91,26143.84,108766,821,0
2023-09-27,26158.6,26829.75,26072.21,26234.91,129556,277,0
2023-09-28,26166.01,27306.38,26163.01,27094.94,142771,682,0
2023-09-29,26999.96,27239.45,26610.69,26887.06,149426,0,0
2023-09-30,26877.01,27094.02,26822.26,27063.77,113758,256,0
2023-10-01,27072.97,27287.69,26950.72,27107.33,106416,662,0
2023-10-02,27064.93,28599.93,27064.93,27831.77,181569,0,0
2023-10-03,27862.65,27873.04,27131.45,27391.7,146747,377,0
2023-10-04,27288.99,27833.65,27187.28,27656.94,143227,699,0
2023-10-05,27615.83,28119.65,27350.71,27455.92,143599,773,0
2023-10-06,27383.99,28055.43,27166.08,27985.88,143728,594,0
2023-10-07,28038.98,28146.21,27854.5,27935.55,97222,676,0
2023-10-08,27879.75,28107.43,27700.08,27919.49,124679,598,0
2023-10-09,27918.57,28002.39,27259.68,27579.64,152521,368,0
2023-10-10,27529.09,27738.15,27287.77,27398.72,157840,536,0
2023-10-11,27333.64,27478.14,26514.36,26697.76,165794,254,0
2023-10-12,26629.15,26936.68,26536.62,26723.99,171220,853,0
2023-10-13,26642.69,27051.07,26642.69,26944.67,136480,853,0
2023-10-14,26995.44,27075.3,26749.0,26847.13,101521,586,0
2023-10-15,26805.36,27227.03,26787.7,27194.35,106437,557,0
2023-10-16,27142.69,30420.52,27037.76,28354.86,178570,0,0
2023-10-17,28307.93,28630.84,28070.67,28464.21,177857,494,0
2023-10-18,28374.78,28995.87,28141.9,28251.27,151771,0,0
2023-10-19,28244.44,28930.42,28098.93,28714.73,123811,368,0
2023-10-20,28678.07,30251.49,28591.11,29604.16,187519,0,0
2023-10-21,29641.96,30377.73,29470.38,30032.86,125738,654,0
2023-10-22,30004.01,30276.73,29623.49,29860.74,128859,0,0
2023-10-23,29793.13,31832.36,29709.09,31552.09,189424,0,0
2023-10-24,31543.96,35493.54,31434.08,33630.44,169255,0,0
2023-10-25,33489.93,35131.14,33488.41,34678.8,208555,443,0
2023-10-26,34630.98,34844.61,33728.81,34187.73,209927,0,0
2023-10-27,34104.16,34296.37,33340.75,33797.09,207242,438,0
2023-10-28,33833.53,34531.44,33793.97,34133.39,130697,643,0
2023-10-29,34082.59,34774.87,33936.25,34593.67,163231,578,0
2023-10-30,34543.09,34876.72,34015.11,34447.75,173018,0,0
2023-10-31,34378.35,34733.66,34034.97,34639.27,174626,0,0
2023-11-01,34532.48,35481.81,34070.12,35329.15,164922,217,0
2023-11-02,35497.35,35977.65,34308.65,34918.11,221247,506,0
2023-11-03,34805.6,34978.63,34113.51,34636.86,172902,440,0
2023-11-04,34617.78,34960.85,34559.89,34767.04,124687,727,0
2023-11-05,34729.51,35333.4,34402.79,34669.02,165559,677,0
2023-11-06,34666.03,35370.27,34666.03,35009.8,170483,0,0
2023-11-07,34972.35,35917.71,34521.99,35519.38,168378,0,0
2023-11-08,35397.87,35929.37,35084.75,35585.54,164926,0,0
2023-11-09,35712.7,37997.05,35543.02,36529.44,219240,0,0
2023-11-10,36527.12,37467.12,36322.84,37348.08,195283,0,0
2023-11-11,37173.47,37511.43,36914.22,36986.74,153846,516,0
2023-11-12,36932.01,37241.33,36623.5,37179.76,175874,547,0
2023-11-13,37170.25,37437.15,36333.76,36514.37,181253,0,0
2023-11-14,36484.0,36759.5,34659.55,35587.78,196727,368,0
2023-11-15,35596.46,37858.42,35362.7,37645.47,202043,0,0
2023-11-16,37635.99,37978.28,35494.85,35977.37,197942,0,0
2023-11-17,36047.87,36818.74,35852.84,36390.37,168352,0,0
2023-11-18,36429.02,36852.37,36195.73,36566.81,107790,655,0
2023-11-19,36523.26,37088.37,36404.82,37019.4,100798,0,0
2023-11-20,36917.12,37776.59,36644.39,37420.79,137271,0,0
2023-11-21,37401.1,37670.45,36245.61,36834.56,170099,0,0
2023-11-22,36791.32,37867.31,35599.45,37606.64,177008,0,0
2023-11-23,37570.83,37759.43,36865.35,37248.93,159111,0,0
2023-11-24,37187.47,38442.37,37187.47,37839.31,163687,0,0
2023-11-25,37713.67,37912.1,37583.87,37825.59,113271,680,0
2023-11-26,37748.01,37846.85,37130.81,37647.83,108765,762,0
2023-11-27,37698.23,37780.12,36714.06,37026.87,159363,536,0
2023-11-28,36978.74,38409.87,36875.67,37990.09,168997,522,0
2023-11-29,37912.08,38498.12,37568.97,37716.12,153688,0,0
2023-11-30,37691.28,38148.07,37469.05,37737.12,125173,0,0
2023-12-01,37739.7,39002.55,37603.45,38852.05,153328,0,0
2023-12-02,38721.69,39768.14,38656.12,39603.26,119695,525,0
2023-12-03,39510.51,39849.87,39282.37,39719.84,120837,290,0
2023-12-04,39750.59,42159.87,39742.29,42030.15,195827,0,0
2023-12-05,41895.55,44219.19,41371.01,44029.71,194924,0,0
2023-12-06,43804.02,44503.63,43333.48,43801.27,195128,0,0
2023-12-07,43849.58,44051.39,42829.54,43374.36,194313,124,0
2023-12-08,43381.7,44754.62,43075.43,44376.02,184667,0,0
2023-12-09,44417.18,44420.28,43725.27,43995.12,119721,732,0
2023-12-10,43937.25,44057.62,43574.28,43797.77,146386,175,0
2023-12-11,43802.04,43895.39,40153.27,41054.67,203974,0,0
2023-12-12,41129.51,42084.35,40631.59,41042.29,197250,0,0
2023-12-13,41163.58,43183.48,40508.53,42931.88,179589,0,0
2023-12-14,43051.37,43506.87,41546.36,42962.73,182393,0,0
2023-12-15,42930.93,43196.57,41636.45,42185.3,155647,0,0
2023-12-16,42129.95,42681.02,41607.97,42268.16,78891,360,0
2023-12-17,42208.75,42368.87,41482.08,41892.33,145927,0,0
2023-12-18,41849.79,42740.37,40490.76,42588.97,180433,0,0
2023-12-19,42467.26,43458.37,41767.4,42443.53,170286,0,0
2023-12-20,42408.74,44303.87,42169.17,43427.24,166892,0,0
2023-12-21,43498.04,44262.26,43279.32,43995.37,189490,0,0
2023-12-22,43933.37,44439.42,43414.71,43760.18,180290,0,0
2023-12-23,43805.95,44081.62,43301.87,43782.68,141265,316,0
2023-12-24,43747.51,43971.37,43428.08,43519.35,157685,297,0
2023-12-25,43516.21,43810.37,42541.63,43529.46,165706,0,0
2023-12-26,43515.64,43732.37,41523.42,42320.57,169341,0,0
2023-12-27,42320.39,43554.95,42097.4,43361.52,141992,0,0
2023-12-28,43353.39,43821.61,42267.93,42412.54,188699,0,0
2023-12-29,42443.35,43147.77,41658.24,41906.16,172217,0,0
2023-12-30,41789.39,42605.37,41526.03,42301.12,154595,219,0
2023-12-31,42200.5,42863.37,41961.51,42490.37,150276,0,0
2024-01-01,42399.15,43841.25,42004.56,43606.3,175116,391,0
2024-01-02,43525.76,45944.88,43327.49,45048.87,212293,0,0
2024-01-03,45103.87,45524.32,40633.98,42899.96,211733,0,0
2024-01-04,42816.82,44751.53,42592.24,44442.84,212287,0,0
2024-01-05,44507.83,44795.56,42332.23,43845.51,191792,0,0
2024-01-06,43831.77,44347.87,43432.61,43928.87,136889,0,0
2024-01-07,43892.87,44492.99,43754.49,44246.37,132135,0,0
2024-01-08,44144.96,47317.0,43179.33,47105.06,179531,0,0
2024-01-09,46862.01,47932.01,44803.07,45559.01,182399,0,0
2024-01-10,45413.25,46713.51,44322.71,45888.04,179980,0,0
2024-01-11,45743.14,49048.7,45525.05,46155.21,149388,0,0
2024-01-12,46167.01,46522.85,43132.55,43445.91,189092,0,0
2024-01-13,42806.05,43252.83,42406.96,42962.74,173778,0,0
2024-01-14,42989.7,43056.84,41924.5,42460.75,134394,0,0
2024-01-15,42488.17,43317.05,41669.71,42694.62,171499,0,0
2024-01-16,42587.78,43556.32,42016.56,43370.81,168522,0,0
2024-01-17,43379.88,43429.0,42162.82,42646.41,139803,0,0
2024-01-18,42572.94,42875.47,40591.07,41064.92,137217,0,0
2024-01-19,41098.3,42149.4,40228.0,41632.37,148118,0,0
2024-01-20,41620.68,41831.31,41408.92,41694.66,62678,0,0
2024-01-21,41658.51,41848.84,41505.25,41743.42,47966,0,0
2024-01-22,41712.44,41749.54,39365.82,39792.2,142511,0,0
2024-01-23,39688.54,40143.44,38504.31,39203.3,154098,0,0
2024-01-24,39159.36,40524.26,39159.36,39748.69,134308,0,0
2024-01-25,39683.64,40284.64,39510.8,39905.35,127700,0,0
2024-01-26,39875.83,42227.61,39793.1,41973.95,116173,0,0
2024-01-27,41843.83,42161.53,41384.1,42127.32,65589,340,0
2024-01-28,42148.33,42847.93,41675.38,41976.63,95959,0,0
2024-01-29,41828.47,43312.45,41593.81,43200.05,114787,0,0
2024-01-30,43138.12,43855.08,43073.48,43531.09,125631,0,0
2024-01-31,43507.67,43742.87,42256.25,42405.02,151960,0,0
2024-02-01,42391.17,43274.13,41835.03,43115.07,149553,0,0
2024-02-02,42957.95,43465.9,42530.12,42982.41,127140,0,0
2024-02-03,43168.99,43353.47,42864.89,43027.43,90717,0,0
2024-02-04,43008.51,43090.85,42509.65,42747.22,100314,236,0
2024-02-05,42785.56,43509.91,42140.7,42343.75,119674,50,0
2024-02-06,42288.96,43360.57,42288.96,43170.74,105746,128,0
2024-02-07,43092.07,44395.65,42752.56,44183.51,113083,0,0
2024-02-08,44134.11,45617.25,44121.29,45351.85,132090,0,0
2024-02-09,45360.45,48216.01,45211.56,47547.56,165291,0,0
2024-02-10,47245.14,48190.66,46877.21,47940.27,97169,0,0
2024-02-11,47910.73,48605.95,47582.45,48094.85,134955,21,0
2024-02-12,48098.38,50374.41,47710.99,49861.83,155636,0,0
2024-02-13,49925.49,50416.21,48308.52,49529.51,156409,131,0
2024-02-14,49499.6,52091.74,49256.58,51784.54,165232,0,0
2024-02-15,51703.65,52866.49,51369.83,51415.79,170003,0,0
2024-02-16,51478.84,52600.31,51390.61,51993.04,134909,0,0
2024-02-17,51939.62,52252.66,50641.75,51830.94,91375,0,0
2024-02-18,51690.94,52094.07,51174.76,51878.76,98726,0,0
2024-02-19,51884.74,52497.69,51666.35,51883.46,138422,339,0
2024-02-20,51898.42,53020.96,50744.7,52066.01,146685,0,0
2024-02-21,51994.6,52545.43,50583.64,51374.5,151425,0,0
2024-02-22,51272.47,52057.66,50910.31,51607.53,134241,146,0
2024-02-23,51594.57,51684.91,50618.41,51012.74,133690,0,0
2024-02-24,50729.01,51688.37,50476.67,51572.21,71378,397,0
2024-02-25,51616.01,51966.88,51261.58,51773.72,86066,794,0
2024-02-26,51726.56,54962.88,50898.16,54637.58,133236,0,0
2024-02-27,54614.9,57622.08,54482.63,56669.24,179345,0,0
2024-02-28,56721.81,64212.35,56662.28,60524.45,193558,0,0
2024-02-29,60702.01,63672.81,60354.69,61449.51,204163,0,0
2024-03-01,61229.01,63232.09,60728.12,62641.56,144161,0,0
2024-03-02,62385.46,62508.56,61636.83,61979.74,109316,0,0
2024-03-03,61908.81,63040.87,61373.1,62852.63,116275,0,0
2024-03-04,62795.98,67911.97,62269.5,67486.15,194231,0,0
2024-03-05,67664.21,69318.9,59155.12,63289.43,218248,0,0
2024-03-06,63317.35,67656.24,62486.25,66563.23,215100,0,0
2024-03-07,66335.12,68073.8,65565.76,67361.3,215258,0,0
2024-03-08,67352.82,70198.1,66101.99,68308.8,186919,0,0
2024-03-09,68516.27,68700.75,68033.13,68570.91,87480,0,0
2024-03-10,68574.73,70025.6,68408.94,69445.06,115825,0,0
2024-03-11,69422.8,72860.16,67061.79,72085.76,243731,387,0
2024-03-12,72026.45,73079.18,68570.57,71033.73,206409,0,0
2024-03-13,70942.13,73705.14,70510.28,73176.19,210932,0,0
2024-03-14,73240.64,73843.75,68499.47,70654.57,257948,0,0
2024-03-15,70495.77,72414.25,65528.31,67881.25,311815,0,0
2024-03-16,68491.27,70049.14,66630.66,67187.76,211513,0,0
2024-03-17,66942.26,68628.32,64487.23,68208.65,289050,0,0
2024-03-18,68255.27,68919.57,66534.18,67356.91,254618,0,0
2024-03-19,67477.36,68111.01,62292.18,63814.01,316378,0,0
2024-03-20,63693.01,67786.42,60728.94,67069.69,314510,0,0
2024-03-21,66984.15,68219.51,64490.8,65405.4,311342,0,0
2024-03-22,65292.39,66631.26,62573.31,63497.89,321397,0,0
2024-03-23,62690.1,66027.5,62411.2,65044.1,65915,0,0
2024-03-24,64915.2,66495.4,63813.0,66148.3,67285,0,0
2024-03-25,66320.7,71155.4,66187.5,70939.8,90708,0,0
2024-03-26,70824.2,71624.3,69372.4,69828.25,157869,0,0
2024-03-27,69943.4,71810.7,68412.7,68863.1,236408,0,0
2024-03-28,68986.75,71622.3,68911.85,70778.9,90474,0,0
2024-03-29,70822.8,71117.05,69079.9,69657.25,39094,0,0
2024-03-30,69521.5,70399.9,69435.7,69910.0,19639,0,0
2024-03-31,69925.05,71341.0,69601.1,70919.3,67818,0,0
2024-04-01,70873.3,71455.85,68053.34,69760.62,248828,0,0
2024-04-02,69558.15,69942.52,64549.56,65727.83,453348,0,0
2024-04-03,65665.34,66931.45,64452.34,65715.27,380001,0,0
2024-04-04,65522.5,69334.92,65060.32,67935.06,453899,55,0
2024-04-05,68027.35,68771.09,65934.23,67684.99,410143,0,0
2024-04-06,67693.04,68505.18,67476.63,68386.62,250967,0,0
2024-04-07,68401.76,70311.87,68300.04,69329.63,271186,0,0
2024-04-08,69278.02,72751.01,68894.83,71658.42,323649,0,0
2024-04-09,71637.78,72005.77,68177.46,69054.77,357874,0,0
2024-04-10,68884.42,70124.44,67415.1,69769.23,378063,0,0
2024-04-11,69631.68,71299.24,69524.84,70493.09,361353,0,0
2024-04-12,70324.98,71247.09,64966.2,66972.21,343648,0,0
2024-04-13,66881.89,67967.74,60359.95,62086.59,344233,0,0
2024-04-14,62589.05,65679.29,61730.09,63883.87,368123,0,0
2024-04-15,63694.63,66924.77,62293.61,63165.2,362312,0,0
2024-04-16,63102.36,63931.15,61630.14,63030.91,407245,0,0
2024-04-17,63120.81,64510.06,59673.49,60877.61,361652,0,0
2024-04-18,60980.03,64176.89,60801.38,63461.08,388433,0,0
2024-04-19,63492.52,65496.9,59558.49,63868.46,393241,0,0
2024-04-20,64382.67,65452.39,62953.39,64719.06,295917,0,0
2024-04-21,64756.53,65725.9,64225.7,64632.06,260215,0,0
2024-04-22,64762.1,66866.72,64502.45,66498.95,362367,0,0
2024-04-23,66384.87,67274.48,65812.82,66271.14,318401,0,0
2024-04-24,66265.1,67086.15,63531.45,64064.71,336362,0,0
2024-04-25,64000.08,64970.99,62752.75,64833.83,356018,0,0
2024-04-26,64797.96,65270.54,63281.18,63909.85,303918,0,0
2024-04-27,64019.01,64067.62,62369.17,63228.75,228469,0,0
2024-04-28,63262.34,64330.38,63116.89,63653.74,205412,0,0
2024-04-29,63512.4,63697.75,61752.97,62933.11,334032,0,0
2024-04-30,62857.04,64700.47,59063.14,59835.58,358201,0,0
2024-05-01,59968.75,60984.5,56448.28,57347.48,414546,0,0
2024-05-02,57296.63,59585.89,56889.25,58726.26,394988,0,0
2024-05-03,58724.68,63222.59,58693.92,62824.14,345690,0,0
2024-05-04,62582.44,64550.23,62464.76,63909.86,301159,0,0
2024-05-05,63819.26,64667.0,62905.52,63748.46,259762,0,0
2024-05-06,63593.38,65529.76,62685.19,63294.83,348313,0,0
2024-05-07,63292.89,64406.21,62772.66,62954.01,368240,0,0
2024-05-08,62909.67,63153.38,61418.69,61575.29,367004,0,0
2024-05-09,61539.97,62669.28,60593.34,62627.54,362124,0,0
2024-05-10,62610.39,63475.14,60165.41,60561.33,351897,0,0
2024-05-11,60625.95,61492.12,60443.26,60993.82,129505,0,0
2024-05-12,60978.86,61848.45,60580.08,61255.24,199832,119,0
2024-05-13,61088.74,63448.46,60720.44,63083.85,369717,0,0
2024-05-14,62856.21,63105.4,61052.93,61524.73,331079,0,0
2024-05-15,61459.42,66462.16,61298.26,65979.5,359674,0,0
2024-05-16,65839.32,66755.32,64561.71,65262.46,355945,0,0
2024-05-17,65221.64,67494.9,65101.22,66941.31,297633,231,0
2024-05-18,66839.96,67395.79,66606.28,66982.65,182137,141,0
2024-05-19,66943.71,67700.53,65875.99,66181.52,172281,0,0
2024-05-20,66214.02,70458.16,65982.47,69469.92,224859,0,0
2024-05-21,69189.92,71941.71,68924.35,69701.92,290592,0,0
2024-05-22,69587.32,70662.02,69193.14,69390.16,277616,0,0
2024-05-23,69218.6,70056.77,66224.96,67769.48,272287,0,0
2024-05-24,67662.96,69250.26,66567.93,68987.24,274505,0,0
2024-05-25,68802.3,69592.73,68466.69,69099.42,126802,347,0
2024-05-26,69048.21,69514.36,68615.54,68668.72,155744,336,0
2024-05-27,68505.34,70590.79,68026.63,69543.69,145249,1018,0
2024-05-28,69548.63,69769.15,67156.79,68206.71,229932,315,0
2024-05-29,68162.87,68842.62,67058.65,67402.71,203732,0,0
2024-05-30,67348.23,69498.75,67080.48,68438.57,203975,0,0
2024-05-31,68378.04,69019.72,66553.61,67548.06,184696,0,0
2024-06-01,67456.34,67809.54,67148.12,67741.8,102439,230,0
2024-06-02,67675.95,68420.72,67253.1,67776.93,141179,0,0
2024-06-03,67808.93,70285.33,67552.78,69089.07,204757,0,0
2024-06-04,69069.95,71087.47,68533.27,70452.53,217156,0,0
2024-06-05,70296.36,71790.75,70292.87,71235.28,246737,0,0
2024-06-06,71150.05,71659.22,70085.59,70703.39,250314,0,0
2024-06-07,70675.2,71933.66,68161.03,69172.07,219000,0,0
2024-06-08,69269.51,69569.51,69123.72,69364.85,136103,0,0
2024-06-09,69335.94,69867.56,69109.28,69690.72,147527,0,0
2024-06-10,69721.94,70168.65,69144.17,69635.19,186212,0,0
2024-06-11,69583.51,69664.65,65959.77,67215.39,324034,0,0
2024-06-12,67229.11,70020.75,66882.65,68074.63,258596,0,0
2024-06-13,68161.21,68623.86,66205.58,66635.94,366030,0,0
2024-06-14,66700.14,67327.07,64981.07,65693.82,362137,0,0
2024-06-15,66150.3,66423.88,65787.61,66016.48,221612,0,0
2024-06-16,66003.03,66761.01,65979.92,66447.98,191450,0,0
2024-06-17,66415.93,67269.26,64998.96,66415.25,350057,0,0
2024-06-18,66476.65,66717.46,63944.61,64895.68,349012,0,0
2024-06-19,64895.03,65713.87,64622.04,64831.18,189143,0,0
2024-06-20,64924.29,66456.07,64494.69,65026.4,236068,0,0
2024-06-21,64990.29,65143.49,63280.54,64086.42,257838,0,0
2024-06-22,64139.33,64492.88,63893.57,64265.79,89475,0,0
2024-06-23,64246.25,64493.47,63553.94,63648.95,112803,0,0
2024-06-24,63829.75,63830.0,58384.53,59457.16,269178,0,0
2024-06-25,59380.8,62388.36,59343.17,61890.44,234724,0,0
2024-06-26,61810.42,62474.22,60633.89,60929.36,227432,0,0
2024-06-27,61031.59,62317.57,60559.42,61465.51,229305,0,0
